category_id,name,last_update
17,Action,2020-12-23 21:33:29
18,Animation,2020-12-23 09:57:42
19,Children,2020-12-23 03:04:57
20,Classics,2020-12-23 21:22:48
21,Comedy,2020-12-23 15:08:26
22,Action,2020-12-23 15:35:43
23,Animation,2020-12-23 14:57:48
24,Children,2020-12-23 04:49:08
25,Classics,2020-12-23 09:14:14
26,Comedy,2020-12-23 05:00:14
27,Action,2020-12-23 23:40:03
28,Animation,2020-12-23 21:40:21
29,Children,2020-12-23 02:32:48
30,Classics,2020-12-23 10:07:07
31,Comedy,2020-12-23 09:47:31
32,Action,2020-12-23 11:20:28
33,Animation,2020-12-23 17:50:45
34,Children,2020-12-23 20:42:11
35,Classics,2020-12-23 19:10:27
36,Comedy,2020-12-23 14:23:57
37,Action,2020-12-23 17:29:00
38,Animation,2020-12-23 03:18:46
39,Children,2020-12-23 06:13:01
40,Classics,2020-12-23 02:53:15
41,Comedy,2020-12-23 00:56:45
42,Action,2020-12-23 02:29:12
43,Animation,2020-12-23 02:40:37
44,Children,2020-12-23 03:31:31
45,Classics,2020-12-23 11:05:59
46,Comedy,2020-12-23 08:23:48
47,Action,2020-12-23 02:33:04
48,Animation,2020-12-23 14:01:07
49,Children,2020-12-23 21:00:37
50,Classics,2020-12-23 18:06:47
51,Comedy,2020-12-23 04:22:28
52,Action,2020-12-23 08:33:35
53,Animation,2020-12-23 09:13:17
54,Children,2020-12-23 12:56:09
55,Classics,2020-12-23 23:49:46
56,Comedy,2020-12-23 04:10:03
57,Action,2020-12-23 01:49:04
58,Animation,2020-12-23 20:16:48
59,Children,2020-12-23 04:25:31
60,Classics,2020-12-23 16:54:55
61,Comedy,2020-12-23 13:30:02
62,Action,2020-12-23 10:20:48
63,Animation,2020-12-23 21:30:29
64,Children,2020-12-23 04:18:45
65,Classics,2020-12-23 00:22:43
66,Comedy,2020-12-23 10:31:11
